<?xml version="1.0" encoding="UTF-8"?>
<project-private xmlns="http://www.netbeans.org/ns/project-private/1">
    <editor-bookmarks xmlns="http://www.netbeans.org/ns/editor-bookmarks/2" lastBookmarkId="0"/>
    <open-files xmlns="http://www.netbeans.org/ns/projectui-open-files/2">
        <group>
            <file>file:/Users/v3gc/Library/CloudStorage/OneDrive-Personal/1.Programming/While-true-code/3.%20Java/TDS-UC06-POO/Evaluations/UC06Atividade02/src/uc06atividade02/UC06Atividade02.java</file>
            <file>file:/Users/v3gc/Library/CloudStorage/OneDrive-Personal/1.Programming/While-true-code/3.%20Java/TDS-UC06-POO/Evaluations/UC06Atividade02/src/uc06atividade02/Trajetoria.java</file>
            <file>file:/Users/v3gc/Library/CloudStorage/OneDrive-Personal/1.Programming/While-true-code/3.%20Java/TDS-UC06-POO/Evaluations/UC06Atividade02/src/uc06atividade02/Ponto2D.java</file>
        </group>
    </open-files>
</project-private>
