<?xml version="1.0" encoding="UTF-8"?>
<project-private xmlns="http://www.netbeans.org/ns/project-private/1">
    <editor-bookmarks xmlns="http://www.netbeans.org/ns/editor-bookmarks/2" lastBookmarkId="0"/>
    <open-files xmlns="http://www.netbeans.org/ns/projectui-open-files/2">
        <group>
            <file>file:/Users/Bruno/Documents/SENACPlayground/UC6atividade5/src/uc6atividade5/Pedido.java</file>
            <file>file:/Users/Bruno/Documents/SENACPlayground/UC6atividade5/src/uc6atividade5/Pizza.java</file>
            <file>file:/Users/Bruno/Documents/SENACPlayground/UC6atividade5/src/uc6atividade5/Bebida.java</file>
            <file>file:/Users/Bruno/Documents/SENACPlayground/UC6atividade5/src/uc6atividade5/UC6atividade5.java</file>
            <file>file:/Users/Bruno/Documents/SENACPlayground/UC6atividade5/src/uc6atividade5/Cardapio.java</file>
        </group>
    </open-files>
</project-private>
